"Offset","Length","Mnemonic","DataType","Name","Comment"
"0x0","0x4","void *","void *","reserved0",""
"0x4","0x4","void *","void *","reserved1",""
"0x8","0x4","void *","void *","reserved2",""
"0xc","0x4","void *","void *","reserved3",""
"0x10","0x4","jint _func_240(JNIEnv * env) *","_func_240 *","GetVersion",""
"0x14","0x4","jclass _func_241(JNIEnv * env\, char * name\, jobject loader\, jbyte * buf\, jsize len) *","_func_241 *","DefineClass",""
"0x18","0x4","jclass _func_242(JNIEnv * env\, char * name) *","_func_242 *","FindClass",""
"0x1c","0x4","jmethodID _func_243(JNIEnv * env\, jobject method) *","_func_243 *","FromReflectedMethod",""
"0x20","0x4","jfieldID _func_244(JNIEnv * env\, jobject field) *","_func_244 *","FromReflectedField",""
"0x24","0x4","jobject _func_245(JNIEnv * env\, jclass cls\, jmethodID methodID\, jboolean isStatic) *","_func_245 *","ToReflectedMethod",""
"0x28","0x4","jclass _func_246(JNIEnv * env\, jclass sub) *","_func_246 *","GetSuperclass",""
"0x2c","0x4","jboolean _func_247(JNIEnv * env\, jclass sub\, jclass sup) *","_func_247 *","IsAssignableFrom",""
"0x30","0x4","jobject _func_248(JNIEnv * env\, jclass cls\, jfieldID fieldID\, jboolean isStatic) *","_func_248 *","ToReflectedField",""
"0x34","0x4","jint _func_249(JNIEnv * env\, jthrowable obj) *","_func_249 *","Throw",""
"0x38","0x4","jint _func_250(JNIEnv * env\, jclass clazz\, char * msg) *","_func_250 *","ThrowNew",""
"0x3c","0x4","jthrowable _func_251(JNIEnv * env) *","_func_251 *","ExceptionOccurred",""
"0x40","0x4","void _func_252(JNIEnv * env) *","_func_252 *","ExceptionDescribe",""
"0x44","0x4","void _func_253(JNIEnv * env) *","_func_253 *","ExceptionClear",""
"0x48","0x4","void _func_254(JNIEnv * env\, char * msg) *","_func_254 *","FatalError",""
"0x4c","0x4","jint _func_255(JNIEnv * env\, jint capacity) *","_func_255 *","PushLocalFrame",""
"0x50","0x4","jobject _func_256(JNIEnv * env\, jobject result) *","_func_256 *","PopLocalFrame",""
"0x54","0x4","jobject _func_257(JNIEnv * env\, jobject lobj) *","_func_257 *","NewGlobalRef",""
"0x58","0x4","void _func_258(JNIEnv * env\, jobject gref) *","_func_258 *","DeleteGlobalRef",""
"0x5c","0x4","void _func_259(JNIEnv * env\, jobject obj) *","_func_259 *","DeleteLocalRef",""
"0x60","0x4","jboolean _func_260(JNIEnv * env\, jobject obj1\, jobject obj2) *","_func_260 *","IsSameObject",""
"0x64","0x4","jobject _func_261(JNIEnv * env\, jobject ref) *","_func_261 *","NewLocalRef",""
"0x68","0x4","jint _func_262(JNIEnv * env\, jint capacity) *","_func_262 *","EnsureLocalCapacity",""
"0x6c","0x4","jobject _func_263(JNIEnv * env\, jclass clazz) *","_func_263 *","AllocObject",""
"0x70","0x4","jobject _func_264(JNIEnv * env\, jclass clazz\, jmethodID methodID\, ...) *","_func_264 *","NewObject",""
"0x74","0x4","jobject _func_265(JNIEnv * env\, jclass clazz\, jmethodID methodID\, void * args) *","_func_265 *","NewObjectV",""
"0x78","0x4","jobject _func_266(JNIEnv * env\, jclass clazz\, jmethodID methodID\, jvalue * args) *","_func_266 *","NewObjectA",""
"0x7c","0x4","jclass _func_267(JNIEnv * env\, jobject obj) *","_func_267 *","GetObjectClass",""
"0x80","0x4","jboolean _func_268(JNIEnv * env\, jobject obj\, jclass clazz) *","_func_268 *","IsInstanceOf",""
"0x84","0x4","jmethodID _func_269(JNIEnv * env\, jclass clazz\, char * name\, char * sig) *","_func_269 *","GetMethodID",""
"0x88","0x4","jobject _func_270(JNIEnv * env\, jobject obj\, jmethodID methodID\, ...) *","_func_270 *","CallObjectMethod",""
"0x8c","0x4","jobject _func_271(JNIEnv * env\, jobject obj\, jmethodID methodID\, void * args) *","_func_271 *","CallObjectMethodV",""
"0x90","0x4","jobject _func_272(JNIEnv * env\, jobject obj\, jmethodID methodID\, jvalue * args) *","_func_272 *","CallObjectMethodA",""
"0x94","0x4","jboolean _func_273(JNIEnv * env\, jobject obj\, jmethodID methodID\, ...) *","_func_273 *","CallBooleanMethod",""
"0x98","0x4","jboolean _func_274(JNIEnv * env\, jobject obj\, jmethodID methodID\, void * args) *","_func_274 *","CallBooleanMethodV",""
"0x9c","0x4","jboolean _func_275(JNIEnv * env\, jobject obj\, jmethodID methodID\, jvalue * args) *","_func_275 *","CallBooleanMethodA",""
"0xa0","0x4","jbyte _func_276(JNIEnv * env\, jobject obj\, jmethodID methodID\, ...) *","_func_276 *","CallByteMethod",""
"0xa4","0x4","jbyte _func_277(JNIEnv * env\, jobject obj\, jmethodID methodID\, void * args) *","_func_277 *","CallByteMethodV",""
"0xa8","0x4","jbyte _func_278(JNIEnv * env\, jobject obj\, jmethodID methodID\, jvalue * args) *","_func_278 *","CallByteMethodA",""
"0xac","0x4","jchar _func_279(JNIEnv * env\, jobject obj\, jmethodID methodID\, ...) *","_func_279 *","CallCharMethod",""
"0xb0","0x4","jchar _func_280(JNIEnv * env\, jobject obj\, jmethodID methodID\, void * args) *","_func_280 *","CallCharMethodV",""
"0xb4","0x4","jchar _func_281(JNIEnv * env\, jobject obj\, jmethodID methodID\, jvalue * args) *","_func_281 *","CallCharMethodA",""
"0xb8","0x4","jshort _func_282(JNIEnv * env\, jobject obj\, jmethodID methodID\, ...) *","_func_282 *","CallShortMethod",""
"0xbc","0x4","jshort _func_283(JNIEnv * env\, jobject obj\, jmethodID methodID\, void * args) *","_func_283 *","CallShortMethodV",""
"0xc0","0x4","jshort _func_284(JNIEnv * env\, jobject obj\, jmethodID methodID\, jvalue * args) *","_func_284 *","CallShortMethodA",""
"0xc4","0x4","jint _func_285(JNIEnv * env\, jobject obj\, jmethodID methodID\, ...) *","_func_285 *","CallIntMethod",""
"0xc8","0x4","jint _func_286(JNIEnv * env\, jobject obj\, jmethodID methodID\, void * args) *","_func_286 *","CallIntMethodV",""
"0xcc","0x4","jint _func_287(JNIEnv * env\, jobject obj\, jmethodID methodID\, jvalue * args) *","_func_287 *","CallIntMethodA",""
"0xd0","0x4","jlong _func_288(JNIEnv * env\, jobject obj\, jmethodID methodID\, ...) *","_func_288 *","CallLongMethod",""
"0xd4","0x4","jlong _func_289(JNIEnv * env\, jobject obj\, jmethodID methodID\, void * args) *","_func_289 *","CallLongMethodV",""
"0xd8","0x4","jlong _func_290(JNIEnv * env\, jobject obj\, jmethodID methodID\, jvalue * args) *","_func_290 *","CallLongMethodA",""
"0xdc","0x4","jfloat _func_291(JNIEnv * env\, jobject obj\, jmethodID methodID\, ...) *","_func_291 *","CallFloatMethod",""
"0xe0","0x4","jfloat _func_292(JNIEnv * env\, jobject obj\, jmethodID methodID\, void * args) *","_func_292 *","CallFloatMethodV",""
"0xe4","0x4","jfloat _func_293(JNIEnv * env\, jobject obj\, jmethodID methodID\, jvalue * args) *","_func_293 *","CallFloatMethodA",""
"0xe8","0x4","jdouble _func_294(JNIEnv * env\, jobject obj\, jmethodID methodID\, ...) *","_func_294 *","CallDoubleMethod",""
"0xec","0x4","jdouble _func_295(JNIEnv * env\, jobject obj\, jmethodID methodID\, void * args) *","_func_295 *","CallDoubleMethodV",""
"0xf0","0x4","jdouble _func_296(JNIEnv * env\, jobject obj\, jmethodID methodID\, jvalue * args) *","_func_296 *","CallDoubleMethodA",""
"0xf4","0x4","void _func_297(JNIEnv * env\, jobject obj\, jmethodID methodID\, ...) *","_func_297 *","CallVoidMethod",""
"0xf8","0x4","void _func_298(JNIEnv * env\, jobject obj\, jmethodID methodID\, void * args) *","_func_298 *","CallVoidMethodV",""
"0xfc","0x4","void _func_299(JNIEnv * env\, jobject obj\, jmethodID methodID\, jvalue * args) *","_func_299 *","CallVoidMethodA",""
"0x100","0x4","jobject _func_300(JNIEnv * env\, jobject obj\, jclass clazz\, jmethodID methodID\, ...) *","_func_300 *","CallNonvirtualObjectMethod",""
"0x104","0x4","jobject _func_301(JNIEnv * env\, jobject obj\, jclass clazz\, jmethodID methodID\, void * args) *","_func_301 *","CallNonvirtualObjectMethodV",""
"0x108","0x4","jobject _func_302(JNIEnv * env\, jobject obj\, jclass clazz\, jmethodID methodID\, jvalue * args) *","_func_302 *","CallNonvirtualObjectMethodA",""
"0x10c","0x4","jboolean _func_303(JNIEnv * env\, jobject obj\, jclass clazz\, jmethodID methodID\, ...) *","_func_303 *","CallNonvirtualBooleanMethod",""
"0x110","0x4","jboolean _func_304(JNIEnv * env\, jobject obj\, jclass clazz\, jmethodID methodID\, void * args) *","_func_304 *","CallNonvirtualBooleanMethodV",""
"0x114","0x4","jboolean _func_305(JNIEnv * env\, jobject obj\, jclass clazz\, jmethodID methodID\, jvalue * args) *","_func_305 *","CallNonvirtualBooleanMethodA",""
"0x118","0x4","jbyte _func_306(JNIEnv * env\, jobject obj\, jclass clazz\, jmethodID methodID\, ...) *","_func_306 *","CallNonvirtualByteMethod",""
"0x11c","0x4","jbyte _func_307(JNIEnv * env\, jobject obj\, jclass clazz\, jmethodID methodID\, void * args) *","_func_307 *","CallNonvirtualByteMethodV",""
"0x120","0x4","jbyte _func_308(JNIEnv * env\, jobject obj\, jclass clazz\, jmethodID methodID\, jvalue * args) *","_func_308 *","CallNonvirtualByteMethodA",""
"0x124","0x4","jchar _func_309(JNIEnv * env\, jobject obj\, jclass clazz\, jmethodID methodID\, ...) *","_func_309 *","CallNonvirtualCharMethod",""
"0x128","0x4","jchar _func_310(JNIEnv * env\, jobject obj\, jclass clazz\, jmethodID methodID\, void * args) *","_func_310 *","CallNonvirtualCharMethodV",""
"0x12c","0x4","jchar _func_311(JNIEnv * env\, jobject obj\, jclass clazz\, jmethodID methodID\, jvalue * args) *","_func_311 *","CallNonvirtualCharMethodA",""
"0x130","0x4","jshort _func_312(JNIEnv * env\, jobject obj\, jclass clazz\, jmethodID methodID\, ...) *","_func_312 *","CallNonvirtualShortMethod",""
"0x134","0x4","jshort _func_313(JNIEnv * env\, jobject obj\, jclass clazz\, jmethodID methodID\, void * args) *","_func_313 *","CallNonvirtualShortMethodV",""
"0x138","0x4","jshort _func_314(JNIEnv * env\, jobject obj\, jclass clazz\, jmethodID methodID\, jvalue * args) *","_func_314 *","CallNonvirtualShortMethodA",""
"0x13c","0x4","jint _func_315(JNIEnv * env\, jobject obj\, jclass clazz\, jmethodID methodID\, ...) *","_func_315 *","CallNonvirtualIntMethod",""
"0x140","0x4","jint _func_316(JNIEnv * env\, jobject obj\, jclass clazz\, jmethodID methodID\, void * args) *","_func_316 *","CallNonvirtualIntMethodV",""
"0x144","0x4","jint _func_317(JNIEnv * env\, jobject obj\, jclass clazz\, jmethodID methodID\, jvalue * args) *","_func_317 *","CallNonvirtualIntMethodA",""
"0x148","0x4","jlong _func_318(JNIEnv * env\, jobject obj\, jclass clazz\, jmethodID methodID\, ...) *","_func_318 *","CallNonvirtualLongMethod",""
"0x14c","0x4","jlong _func_319(JNIEnv * env\, jobject obj\, jclass clazz\, jmethodID methodID\, void * args) *","_func_319 *","CallNonvirtualLongMethodV",""
"0x150","0x4","jlong _func_320(JNIEnv * env\, jobject obj\, jclass clazz\, jmethodID methodID\, jvalue * args) *","_func_320 *","CallNonvirtualLongMethodA",""
"0x154","0x4","jfloat _func_321(JNIEnv * env\, jobject obj\, jclass clazz\, jmethodID methodID\, ...) *","_func_321 *","CallNonvirtualFloatMethod",""
"0x158","0x4","jfloat _func_322(JNIEnv * env\, jobject obj\, jclass clazz\, jmethodID methodID\, void * args) *","_func_322 *","CallNonvirtualFloatMethodV",""
"0x15c","0x4","jfloat _func_323(JNIEnv * env\, jobject obj\, jclass clazz\, jmethodID methodID\, jvalue * args) *","_func_323 *","CallNonvirtualFloatMethodA",""
"0x160","0x4","jdouble _func_324(JNIEnv * env\, jobject obj\, jclass clazz\, jmethodID methodID\, ...) *","_func_324 *","CallNonvirtualDoubleMethod",""
"0x164","0x4","jdouble _func_325(JNIEnv * env\, jobject obj\, jclass clazz\, jmethodID methodID\, void * args) *","_func_325 *","CallNonvirtualDoubleMethodV",""
"0x168","0x4","jdouble _func_326(JNIEnv * env\, jobject obj\, jclass clazz\, jmethodID methodID\, jvalue * args) *","_func_326 *","CallNonvirtualDoubleMethodA",""
"0x16c","0x4","void _func_327(JNIEnv * env\, jobject obj\, jclass clazz\, jmethodID methodID\, ...) *","_func_327 *","CallNonvirtualVoidMethod",""
"0x170","0x4","void _func_328(JNIEnv * env\, jobject obj\, jclass clazz\, jmethodID methodID\, void * args) *","_func_328 *","CallNonvirtualVoidMethodV",""
"0x174","0x4","void _func_329(JNIEnv * env\, jobject obj\, jclass clazz\, jmethodID methodID\, jvalue * args) *","_func_329 *","CallNonvirtualVoidMethodA",""
"0x178","0x4","jfieldID _func_330(JNIEnv * env\, jclass clazz\, char * name\, char * sig) *","_func_330 *","GetFieldID",""
"0x17c","0x4","jobject _func_331(JNIEnv * env\, jobject obj\, jfieldID fieldID) *","_func_331 *","GetObjectField",""
"0x180","0x4","jboolean _func_332(JNIEnv * env\, jobject obj\, jfieldID fieldID) *","_func_332 *","GetBooleanField",""
"0x184","0x4","jbyte _func_333(JNIEnv * env\, jobject obj\, jfieldID fieldID) *","_func_333 *","GetByteField",""
"0x188","0x4","jchar _func_334(JNIEnv * env\, jobject obj\, jfieldID fieldID) *","_func_334 *","GetCharField",""
"0x18c","0x4","jshort _func_335(JNIEnv * env\, jobject obj\, jfieldID fieldID) *","_func_335 *","GetShortField",""
"0x190","0x4","jint _func_336(JNIEnv * env\, jobject obj\, jfieldID fieldID) *","_func_336 *","GetIntField",""
"0x194","0x4","jlong _func_337(JNIEnv * env\, jobject obj\, jfieldID fieldID) *","_func_337 *","GetLongField",""
"0x198","0x4","jfloat _func_338(JNIEnv * env\, jobject obj\, jfieldID fieldID) *","_func_338 *","GetFloatField",""
"0x19c","0x4","jdouble _func_339(JNIEnv * env\, jobject obj\, jfieldID fieldID) *","_func_339 *","GetDoubleField",""
"0x1a0","0x4","void _func_340(JNIEnv * env\, jobject obj\, jfieldID fieldID\, jobject val) *","_func_340 *","SetObjectField",""
"0x1a4","0x4","void _func_341(JNIEnv * env\, jobject obj\, jfieldID fieldID\, jboolean val) *","_func_341 *","SetBooleanField",""
"0x1a8","0x4","void _func_342(JNIEnv * env\, jobject obj\, jfieldID fieldID\, jbyte val) *","_func_342 *","SetByteField",""
"0x1ac","0x4","void _func_343(JNIEnv * env\, jobject obj\, jfieldID fieldID\, jchar val) *","_func_343 *","SetCharField",""
"0x1b0","0x4","void _func_344(JNIEnv * env\, jobject obj\, jfieldID fieldID\, jshort val) *","_func_344 *","SetShortField",""
"0x1b4","0x4","void _func_345(JNIEnv * env\, jobject obj\, jfieldID fieldID\, jint val) *","_func_345 *","SetIntField",""
"0x1b8","0x4","void _func_346(JNIEnv * env\, jobject obj\, jfieldID fieldID\, jlong val) *","_func_346 *","SetLongField",""
"0x1bc","0x4","void _func_347(JNIEnv * env\, jobject obj\, jfieldID fieldID\, jfloat val) *","_func_347 *","SetFloatField",""
"0x1c0","0x4","void _func_348(JNIEnv * env\, jobject obj\, jfieldID fieldID\, jdouble val) *","_func_348 *","SetDoubleField",""
"0x1c4","0x4","jmethodID _func_349(JNIEnv * env\, jclass clazz\, char * name\, char * sig) *","_func_349 *","GetStaticMethodID",""
"0x1c8","0x4","jobject _func_350(JNIEnv * env\, jclass clazz\, jmethodID methodID\, ...) *","_func_350 *","CallStaticObjectMethod",""
"0x1cc","0x4","jobject _func_351(JNIEnv * env\, jclass clazz\, jmethodID methodID\, void * args) *","_func_351 *","CallStaticObjectMethodV",""
"0x1d0","0x4","jobject _func_352(JNIEnv * env\, jclass clazz\, jmethodID methodID\, jvalue * args) *","_func_352 *","CallStaticObjectMethodA",""
"0x1d4","0x4","jboolean _func_353(JNIEnv * env\, jclass clazz\, jmethodID methodID\, ...) *","_func_353 *","CallStaticBooleanMethod",""
"0x1d8","0x4","jboolean _func_354(JNIEnv * env\, jclass clazz\, jmethodID methodID\, void * args) *","_func_354 *","CallStaticBooleanMethodV",""
"0x1dc","0x4","jboolean _func_355(JNIEnv * env\, jclass clazz\, jmethodID methodID\, jvalue * args) *","_func_355 *","CallStaticBooleanMethodA",""
"0x1e0","0x4","jbyte _func_356(JNIEnv * env\, jclass clazz\, jmethodID methodID\, ...) *","_func_356 *","CallStaticByteMethod",""
"0x1e4","0x4","jbyte _func_357(JNIEnv * env\, jclass clazz\, jmethodID methodID\, void * args) *","_func_357 *","CallStaticByteMethodV",""
"0x1e8","0x4","jbyte _func_358(JNIEnv * env\, jclass clazz\, jmethodID methodID\, jvalue * args) *","_func_358 *","CallStaticByteMethodA",""
"0x1ec","0x4","jchar _func_359(JNIEnv * env\, jclass clazz\, jmethodID methodID\, ...) *","_func_359 *","CallStaticCharMethod",""
"0x1f0","0x4","jchar _func_360(JNIEnv * env\, jclass clazz\, jmethodID methodID\, void * args) *","_func_360 *","CallStaticCharMethodV",""
"0x1f4","0x4","jchar _func_361(JNIEnv * env\, jclass clazz\, jmethodID methodID\, jvalue * args) *","_func_361 *","CallStaticCharMethodA",""
"0x1f8","0x4","jshort _func_362(JNIEnv * env\, jclass clazz\, jmethodID methodID\, ...) *","_func_362 *","CallStaticShortMethod",""
"0x1fc","0x4","jshort _func_363(JNIEnv * env\, jclass clazz\, jmethodID methodID\, void * args) *","_func_363 *","CallStaticShortMethodV",""
"0x200","0x4","jshort _func_364(JNIEnv * env\, jclass clazz\, jmethodID methodID\, jvalue * args) *","_func_364 *","CallStaticShortMethodA",""
"0x204","0x4","jint _func_365(JNIEnv * env\, jclass clazz\, jmethodID methodID\, ...) *","_func_365 *","CallStaticIntMethod",""
"0x208","0x4","jint _func_366(JNIEnv * env\, jclass clazz\, jmethodID methodID\, void * args) *","_func_366 *","CallStaticIntMethodV",""
"0x20c","0x4","jint _func_367(JNIEnv * env\, jclass clazz\, jmethodID methodID\, jvalue * args) *","_func_367 *","CallStaticIntMethodA",""
"0x210","0x4","jlong _func_368(JNIEnv * env\, jclass clazz\, jmethodID methodID\, ...) *","_func_368 *","CallStaticLongMethod",""
"0x214","0x4","jlong _func_369(JNIEnv * env\, jclass clazz\, jmethodID methodID\, void * args) *","_func_369 *","CallStaticLongMethodV",""
"0x218","0x4","jlong _func_370(JNIEnv * env\, jclass clazz\, jmethodID methodID\, jvalue * args) *","_func_370 *","CallStaticLongMethodA",""
"0x21c","0x4","jfloat _func_371(JNIEnv * env\, jclass clazz\, jmethodID methodID\, ...) *","_func_371 *","CallStaticFloatMethod",""
"0x220","0x4","jfloat _func_372(JNIEnv * env\, jclass clazz\, jmethodID methodID\, void * args) *","_func_372 *","CallStaticFloatMethodV",""
"0x224","0x4","jfloat _func_373(JNIEnv * env\, jclass clazz\, jmethodID methodID\, jvalue * args) *","_func_373 *","CallStaticFloatMethodA",""
"0x228","0x4","jdouble _func_374(JNIEnv * env\, jclass clazz\, jmethodID methodID\, ...) *","_func_374 *","CallStaticDoubleMethod",""
"0x22c","0x4","jdouble _func_375(JNIEnv * env\, jclass clazz\, jmethodID methodID\, void * args) *","_func_375 *","CallStaticDoubleMethodV",""
"0x230","0x4","jdouble _func_376(JNIEnv * env\, jclass clazz\, jmethodID methodID\, jvalue * args) *","_func_376 *","CallStaticDoubleMethodA",""
"0x234","0x4","void _func_377(JNIEnv * env\, jclass cls\, jmethodID methodID\, ...) *","_func_377 *","CallStaticVoidMethod",""
"0x238","0x4","void _func_378(JNIEnv * env\, jclass cls\, jmethodID methodID\, void * args) *","_func_378 *","CallStaticVoidMethodV",""
"0x23c","0x4","void _func_379(JNIEnv * env\, jclass cls\, jmethodID methodID\, jvalue * args) *","_func_379 *","CallStaticVoidMethodA",""
"0x240","0x4","jfieldID _func_380(JNIEnv * env\, jclass clazz\, char * name\, char * sig) *","_func_380 *","GetStaticFieldID",""
"0x244","0x4","jobject _func_381(JNIEnv * env\, jclass clazz\, jfieldID fieldID) *","_func_381 *","GetStaticObjectField",""
"0x248","0x4","jboolean _func_382(JNIEnv * env\, jclass clazz\, jfieldID fieldID) *","_func_382 *","GetStaticBooleanField",""
"0x24c","0x4","jbyte _func_383(JNIEnv * env\, jclass clazz\, jfieldID fieldID) *","_func_383 *","GetStaticByteField",""
"0x250","0x4","jchar _func_384(JNIEnv * env\, jclass clazz\, jfieldID fieldID) *","_func_384 *","GetStaticCharField",""
"0x254","0x4","jshort _func_385(JNIEnv * env\, jclass clazz\, jfieldID fieldID) *","_func_385 *","GetStaticShortField",""
"0x258","0x4","jint _func_386(JNIEnv * env\, jclass clazz\, jfieldID fieldID) *","_func_386 *","GetStaticIntField",""
"0x25c","0x4","jlong _func_387(JNIEnv * env\, jclass clazz\, jfieldID fieldID) *","_func_387 *","GetStaticLongField",""
"0x260","0x4","jfloat _func_388(JNIEnv * env\, jclass clazz\, jfieldID fieldID) *","_func_388 *","GetStaticFloatField",""
"0x264","0x4","jdouble _func_389(JNIEnv * env\, jclass clazz\, jfieldID fieldID) *","_func_389 *","GetStaticDoubleField",""
"0x268","0x4","void _func_390(JNIEnv * env\, jclass clazz\, jfieldID fieldID\, jobject value) *","_func_390 *","SetStaticObjectField",""
"0x26c","0x4","void _func_391(JNIEnv * env\, jclass clazz\, jfieldID fieldID\, jboolean value) *","_func_391 *","SetStaticBooleanField",""
"0x270","0x4","void _func_392(JNIEnv * env\, jclass clazz\, jfieldID fieldID\, jbyte value) *","_func_392 *","SetStaticByteField",""
"0x274","0x4","void _func_393(JNIEnv * env\, jclass clazz\, jfieldID fieldID\, jchar value) *","_func_393 *","SetStaticCharField",""
"0x278","0x4","void _func_394(JNIEnv * env\, jclass clazz\, jfieldID fieldID\, jshort value) *","_func_394 *","SetStaticShortField",""
"0x27c","0x4","void _func_395(JNIEnv * env\, jclass clazz\, jfieldID fieldID\, jint value) *","_func_395 *","SetStaticIntField",""
"0x280","0x4","void _func_396(JNIEnv * env\, jclass clazz\, jfieldID fieldID\, jlong value) *","_func_396 *","SetStaticLongField",""
"0x284","0x4","void _func_397(JNIEnv * env\, jclass clazz\, jfieldID fieldID\, jfloat value) *","_func_397 *","SetStaticFloatField",""
"0x288","0x4","void _func_398(JNIEnv * env\, jclass clazz\, jfieldID fieldID\, jdouble value) *","_func_398 *","SetStaticDoubleField",""
"0x28c","0x4","jstring _func_399(JNIEnv * env\, jchar * unicode\, jsize len) *","_func_399 *","NewString",""
"0x290","0x4","jsize _func_400(JNIEnv * env\, jstring str) *","_func_400 *","GetStringLength",""
"0x294","0x4","jchar * _func_401(JNIEnv * env\, jstring str\, jboolean * isCopy) *","_func_401 *","GetStringChars",""
"0x298","0x4","void _func_402(JNIEnv * env\, jstring str\, jchar * chars) *","_func_402 *","ReleaseStringChars",""
"0x29c","0x4","jstring _func_403(JNIEnv * env\, char * utf) *","_func_403 *","NewStringUTF",""
"0x2a0","0x4","jsize _func_404(JNIEnv * env\, jstring str) *","_func_404 *","GetStringUTFLength",""
"0x2a4","0x4","char * _func_405(JNIEnv * env\, jstring str\, jboolean * isCopy) *","_func_405 *","GetStringUTFChars",""
"0x2a8","0x4","void _func_406(JNIEnv * env\, jstring str\, char * chars) *","_func_406 *","ReleaseStringUTFChars",""
"0x2ac","0x4","jsize _func_407(JNIEnv * env\, jarray array) *","_func_407 *","GetArrayLength",""
"0x2b0","0x4","jobjectArray _func_408(JNIEnv * env\, jsize len\, jclass clazz\, jobject init) *","_func_408 *","NewObjectArray",""
"0x2b4","0x4","jobject _func_409(JNIEnv * env\, jobjectArray array\, jsize index) *","_func_409 *","GetObjectArrayElement",""
"0x2b8","0x4","void _func_410(JNIEnv * env\, jobjectArray array\, jsize index\, jobject val) *","_func_410 *","SetObjectArrayElement",""
"0x2bc","0x4","jbooleanArray _func_411(JNIEnv * env\, jsize len) *","_func_411 *","NewBooleanArray",""
"0x2c0","0x4","jbyteArray _func_412(JNIEnv * env\, jsize len) *","_func_412 *","NewByteArray",""
"0x2c4","0x4","jcharArray _func_413(JNIEnv * env\, jsize len) *","_func_413 *","NewCharArray",""
"0x2c8","0x4","jshortArray _func_414(JNIEnv * env\, jsize len) *","_func_414 *","NewShortArray",""
"0x2cc","0x4","jintArray _func_415(JNIEnv * env\, jsize len) *","_func_415 *","NewIntArray",""
"0x2d0","0x4","jlongArray _func_416(JNIEnv * env\, jsize len) *","_func_416 *","NewLongArray",""
"0x2d4","0x4","jfloatArray _func_417(JNIEnv * env\, jsize len) *","_func_417 *","NewFloatArray",""
"0x2d8","0x4","jdoubleArray _func_418(JNIEnv * env\, jsize len) *","_func_418 *","NewDoubleArray",""
"0x2dc","0x4","jboolean * _func_419(JNIEnv * env\, jbooleanArray array\, jboolean * isCopy) *","_func_419 *","GetBooleanArrayElements",""
"0x2e0","0x4","jbyte * _func_420(JNIEnv * env\, jbyteArray array\, jboolean * isCopy) *","_func_420 *","GetByteArrayElements",""
"0x2e4","0x4","jchar * _func_421(JNIEnv * env\, jcharArray array\, jboolean * isCopy) *","_func_421 *","GetCharArrayElements",""
"0x2e8","0x4","jshort * _func_422(JNIEnv * env\, jshortArray array\, jboolean * isCopy) *","_func_422 *","GetShortArrayElements",""
"0x2ec","0x4","jint * _func_423(JNIEnv * env\, jintArray array\, jboolean * isCopy) *","_func_423 *","GetIntArrayElements",""
"0x2f0","0x4","jlong * _func_424(JNIEnv * env\, jlongArray array\, jboolean * isCopy) *","_func_424 *","GetLongArrayElements",""
"0x2f4","0x4","jfloat * _func_425(JNIEnv * env\, jfloatArray array\, jboolean * isCopy) *","_func_425 *","GetFloatArrayElements",""
"0x2f8","0x4","jdouble * _func_426(JNIEnv * env\, jdoubleArray array\, jboolean * isCopy) *","_func_426 *","GetDoubleArrayElements",""
"0x2fc","0x4","void _func_427(JNIEnv * env\, jbooleanArray array\, jboolean * elems\, jint mode) *","_func_427 *","ReleaseBooleanArrayElements",""
"0x300","0x4","void _func_428(JNIEnv * env\, jbyteArray array\, jbyte * elems\, jint mode) *","_func_428 *","ReleaseByteArrayElements",""
"0x304","0x4","void _func_429(JNIEnv * env\, jcharArray array\, jchar * elems\, jint mode) *","_func_429 *","ReleaseCharArrayElements",""
"0x308","0x4","void _func_430(JNIEnv * env\, jshortArray array\, jshort * elems\, jint mode) *","_func_430 *","ReleaseShortArrayElements",""
"0x30c","0x4","void _func_431(JNIEnv * env\, jintArray array\, jint * elems\, jint mode) *","_func_431 *","ReleaseIntArrayElements",""
"0x310","0x4","void _func_432(JNIEnv * env\, jlongArray array\, jlong * elems\, jint mode) *","_func_432 *","ReleaseLongArrayElements",""
"0x314","0x4","void _func_433(JNIEnv * env\, jfloatArray array\, jfloat * elems\, jint mode) *","_func_433 *","ReleaseFloatArrayElements",""
"0x318","0x4","void _func_434(JNIEnv * env\, jdoubleArray array\, jdouble * elems\, jint mode) *","_func_434 *","ReleaseDoubleArrayElements",""
"0x31c","0x4","void _func_435(JNIEnv * env\, jbooleanArray array\, jsize start\, jsize l\, jboolean * buf) *","_func_435 *","GetBooleanArrayRegion",""
"0x320","0x4","void _func_436(JNIEnv * env\, jbyteArray array\, jsize start\, jsize len\, jbyte * buf) *","_func_436 *","GetByteArrayRegion",""
"0x324","0x4","void _func_437(JNIEnv * env\, jcharArray array\, jsize start\, jsize len\, jchar * buf) *","_func_437 *","GetCharArrayRegion",""
"0x328","0x4","void _func_438(JNIEnv * env\, jshortArray array\, jsize start\, jsize len\, jshort * buf) *","_func_438 *","GetShortArrayRegion",""
"0x32c","0x4","void _func_439(JNIEnv * env\, jintArray array\, jsize start\, jsize len\, jint * buf) *","_func_439 *","GetIntArrayRegion",""
"0x330","0x4","void _func_440(JNIEnv * env\, jlongArray array\, jsize start\, jsize len\, jlong * buf) *","_func_440 *","GetLongArrayRegion",""
"0x334","0x4","void _func_441(JNIEnv * env\, jfloatArray array\, jsize start\, jsize len\, jfloat * buf) *","_func_441 *","GetFloatArrayRegion",""
"0x338","0x4","void _func_442(JNIEnv * env\, jdoubleArray array\, jsize start\, jsize len\, jdouble * buf) *","_func_442 *","GetDoubleArrayRegion",""
"0x33c","0x4","void _func_443(JNIEnv * env\, jbooleanArray array\, jsize start\, jsize l\, jboolean * buf) *","_func_443 *","SetBooleanArrayRegion",""
"0x340","0x4","void _func_444(JNIEnv * env\, jbyteArray array\, jsize start\, jsize len\, jbyte * buf) *","_func_444 *","SetByteArrayRegion",""
"0x344","0x4","void _func_445(JNIEnv * env\, jcharArray array\, jsize start\, jsize len\, jchar * buf) *","_func_445 *","SetCharArrayRegion",""
"0x348","0x4","void _func_446(JNIEnv * env\, jshortArray array\, jsize start\, jsize len\, jshort * buf) *","_func_446 *","SetShortArrayRegion",""
"0x34c","0x4","void _func_447(JNIEnv * env\, jintArray array\, jsize start\, jsize len\, jint * buf) *","_func_447 *","SetIntArrayRegion",""
"0x350","0x4","void _func_448(JNIEnv * env\, jlongArray array\, jsize start\, jsize len\, jlong * buf) *","_func_448 *","SetLongArrayRegion",""
"0x354","0x4","void _func_449(JNIEnv * env\, jfloatArray array\, jsize start\, jsize len\, jfloat * buf) *","_func_449 *","SetFloatArrayRegion",""
"0x358","0x4","void _func_450(JNIEnv * env\, jdoubleArray array\, jsize start\, jsize len\, jdouble * buf) *","_func_450 *","SetDoubleArrayRegion",""
"0x35c","0x4","jint _func_451(JNIEnv * env\, jclass clazz\, JNINativeMethod * methods\, jint nMethods) *","_func_451 *","RegisterNatives",""
"0x360","0x4","jint _func_452(JNIEnv * env\, jclass clazz) *","_func_452 *","UnregisterNatives",""
"0x364","0x4","jint _func_453(JNIEnv * env\, jobject obj) *","_func_453 *","MonitorEnter",""
"0x368","0x4","jint _func_454(JNIEnv * env\, jobject obj) *","_func_454 *","MonitorExit",""
"0x36c","0x4","jint _func_455(JNIEnv * env\, JavaVM * * vm) *","_func_455 *","GetJavaVM",""
"0x370","0x4","void _func_456(JNIEnv * env\, jstring str\, jsize start\, jsize len\, jchar * buf) *","_func_456 *","GetStringRegion",""
"0x374","0x4","void _func_457(JNIEnv * env\, jstring str\, jsize start\, jsize len\, char * buf) *","_func_457 *","GetStringUTFRegion",""
"0x378","0x4","void * _func_458(JNIEnv * env\, jarray array\, jboolean * isCopy) *","_func_458 *","GetPrimitiveArrayCritical",""
"0x37c","0x4","void _func_459(JNIEnv * env\, jarray array\, void * carray\, jint mode) *","_func_459 *","ReleasePrimitiveArrayCritical",""
"0x380","0x4","jchar * _func_460(JNIEnv * env\, jstring string\, jboolean * isCopy) *","_func_460 *","GetStringCritical",""
"0x384","0x4","void _func_461(JNIEnv * env\, jstring string\, jchar * cstring) *","_func_461 *","ReleaseStringCritical",""
"0x388","0x4","jweak _func_462(JNIEnv * env\, jobject obj) *","_func_462 *","NewWeakGlobalRef",""
"0x38c","0x4","void _func_463(JNIEnv * env\, jweak ref) *","_func_463 *","DeleteWeakGlobalRef",""
"0x390","0x4","jboolean _func_464(JNIEnv * env) *","_func_464 *","ExceptionCheck",""
"0x394","0x4","jobject _func_465(JNIEnv * env\, void * address\, jlong capacity) *","_func_465 *","NewDirectByteBuffer",""
"0x398","0x4","void * _func_466(JNIEnv * env\, jobject buf) *","_func_466 *","GetDirectBufferAddress",""
"0x39c","0x4","jlong _func_467(JNIEnv * env\, jobject buf) *","_func_467 *","GetDirectBufferCapacity",""
"0x3a0","0x4","jobjectRefType _func_468(JNIEnv * env\, jobject obj) *","_func_468 *","GetObjectRefType",""
